query_0,value_1
-0.00013226651935838163,0.00017034636402968317
-0.000133415189338848,0.004214432556182146
