query_0,value_1,query_2,value_3,query_4,value_5,query_6,value_7,query_8,value_9,query_10,value_11,query_12,value_13,query_14,value_15,query_16,value_17,query_18,value_19,query_20,value_21,query_22,value_23
275.70166015625,22.286481857299805,21.210464477539062,78.2507553100586,78.96761322021484,32.38437271118164,19.064239501953125,21.919675827026367,27.116283416748047,18.794824600219727,21.26885986328125,24.274560928344727,27.187349319458008,21.471725463867188,33.149620056152344,18.545686721801758,20.922807693481445,24.501325607299805,30.229257583618164,26.57111167907715,41.810855865478516,22.859132766723633,18.69352912902832,20.657014846801758
