query_0,value_1
0.20795010030269623,0.04938472807407379
